{"cameraMode":{"drawMode":0,"name":"Shaded","section":"Shading Mode"},"sceneLighting":true,"audioPlay":false,"sceneViewState":{"showFog":true,"showMaterialUpdate":false,"showSkybox":true,"showFlares":true,"showImageEffects":true,"showParticleSystems":true,"showVisualEffectGraphs":true,"m_FxEnabled":true},"in2DMode":false,"pivot":{"x":1.3937225341796876,"y":3.9174203872680666,"z":-792.9356689453125},"rotation":{"x":-0.3634786903858185,"y":-0.003916406538337469,"z":0.0015283552929759026,"w":-0.931599497795105},"size":101.58988952636719,"orthographic":false}