{"cameraMode":{"drawMode":0,"name":"Shaded","section":"Shading Mode"},"sceneLighting":true,"audioPlay":false,"sceneViewState":{"showFog":true,"showMaterialUpdate":false,"showSkybox":true,"showFlares":true,"showImageEffects":true,"showParticleSystems":true,"showVisualEffectGraphs":true,"m_FxEnabled":true},"in2DMode":false,"pivot":{"x":-0.21999996900558473,"y":2.4699997901916506,"z":-1088.6199951171875},"rotation":{"x":0.2860383987426758,"y":-0.008623797446489334,"z":0.0025743506848812105,"w":0.9581769108772278},"size":0.5196436047554016,"orthographic":false}